<?xml version="1.0" encoding="UTF-8"?><MD_Metadata xmlns:gts="http://www.isotc211.org/2005/gts" xmlns:gco="http://www.isotc211.org/2005/gco" xmlns:xalan="http://xml.apache.org/xalan" xmlns:srv="http://www.isotc211.org/2005/srv" xmlns:gmx="http://www.isotc211.org/2005/gmx" xmlns:xlink="http://www.w3.org/1999/xlink" xmlns:xsi="http://www.w3.org/2001/XMLSchema-instance" xmlns:gml="http://www.opengis.net/gml" xmlns="http://www.isotc211.org/2005/gmd">
    <characterSet>
        <MD_CharacterSetCode codeList="http://www.isotc211.org/2005/resources/Codelist/gmxCodelists.xml#MD_CharacterSetCode" codeListValue="utf8" codeSpace="ISOTC211/19115">utf8</MD_CharacterSetCode>
    </characterSet>
    <hierarchyLevel>
        <MD_ScopeCode codeList="http://www.isotc211.org/2005/resources/Codelist/gmxCodelists.xml#MD_ScopeCode" codeListValue="dataset" codeSpace="ISOTC211/19115">dataset</MD_ScopeCode>
    </hierarchyLevel>
    <hierarchyLevelName>
        <gco:CharacterString>dataset</gco:CharacterString>
    </hierarchyLevelName>
    <contact gco:nilReason="missing"/>
    <dateStamp gco:nilReason="missing"/>
    <metadataStandardName>
        <gco:CharacterString>ISO 19139 Geographic Information - Metadata - Implementation Specification</gco:CharacterString>
    </metadataStandardName>
    <metadataStandardVersion>
        <gco:CharacterString>2007</gco:CharacterString>
    </metadataStandardVersion>
    <identificationInfo>
        <MD_DataIdentification>
            <citation>
                <CI_Citation>
                    <title>
                        <gco:CharacterString>Map1</gco:CharacterString>
                    </title>
                    <date gco:nilReason="missing"/>
                </CI_Citation>
            </citation>
            <abstract>
                <gco:CharacterString>GEBCO’s gridded bathymetric data set, the GEBCO_2020 grid, is a global terrain model for ocean and land at 15 arc-second intervals.Original data source: https://www.gebco.net/data_and_products/gridded_bathymetry_data/This depth contours are generated from GEBCO's gridded bathymetry which is clipped by GCOOS Region (https://gis.gcoos.org/arcgis/rest/services/Stations/The_GCOOS_Region/MapServer/2). There are 4 different datasets: 1) 500m interval, namely 500m, 1000m, 1500m, 2000m, 2500m, 3000m, 3500m depth contours. 2) 100m interval, 3) 10m interval. 4) Selected (filtered) contours (10, 20, 30, 40, 50, 100, 200, 300, 400, 500, 600, 700, 800, 900, 1000, 1500, 2000, 2500, 3000, 3500m)</gco:CharacterString>
            </abstract>
            <purpose>
                <gco:CharacterString>Derived isobath (depth contour lines) from GEBCO’s gridded bathymetric data set. The GEBCO_2020 grid is a global terrain model for ocean and land at 15 arc-second intervals. The layers are clipped by the Gulf of Mexico region
</gco:CharacterString>
            </purpose>
            <descriptiveKeywords>
                <MD_Keywords>
                    <keyword>
                        <gco:CharacterString>Gulf of Mexico</gco:CharacterString>
                    </keyword>
                    <keyword>
                        <gco:CharacterString>Bathymetry</gco:CharacterString>
                    </keyword>
                    <keyword>
                        <gco:CharacterString>isobath</gco:CharacterString>
                    </keyword>
                    <keyword>
                        <gco:CharacterString>depth contour</gco:CharacterString>
                    </keyword>
                    <keyword>
                        <gco:CharacterString>GCOOS</gco:CharacterString>
                    </keyword>
                </MD_Keywords>
            </descriptiveKeywords>
            <descriptiveKeywords>
                <MD_Keywords>
                    <keyword>
                        <gco:CharacterString>Gulf of Mexico</gco:CharacterString>
                    </keyword>
                    <keyword>
                        <gco:CharacterString>Bathymetry</gco:CharacterString>
                    </keyword>
                    <keyword>
                        <gco:CharacterString>isobath</gco:CharacterString>
                    </keyword>
                    <keyword>
                        <gco:CharacterString>depth contour</gco:CharacterString>
                    </keyword>
                    <keyword>
                        <gco:CharacterString>GCOOS</gco:CharacterString>
                    </keyword>
                </MD_Keywords>
            </descriptiveKeywords>
            <descriptiveKeywords>
                <MD_Keywords>
                    <keyword>
                        <gco:CharacterString>Gulf of Mexico</gco:CharacterString>
                    </keyword>
                    <keyword>
                        <gco:CharacterString>Bathymetry</gco:CharacterString>
                    </keyword>
                    <keyword>
                        <gco:CharacterString>isobath</gco:CharacterString>
                    </keyword>
                    <keyword>
                        <gco:CharacterString>depth contour</gco:CharacterString>
                    </keyword>
                    <keyword>
                        <gco:CharacterString>GCOOS</gco:CharacterString>
                    </keyword>
                </MD_Keywords>
            </descriptiveKeywords>
            <descriptiveKeywords>
                <MD_Keywords>
                    <keyword>
                        <gco:CharacterString>Gulf of Mexico</gco:CharacterString>
                    </keyword>
                    <keyword>
                        <gco:CharacterString>Bathymetry</gco:CharacterString>
                    </keyword>
                    <keyword>
                        <gco:CharacterString>isobath</gco:CharacterString>
                    </keyword>
                    <keyword>
                        <gco:CharacterString>depth contour</gco:CharacterString>
                    </keyword>
                    <keyword>
                        <gco:CharacterString>GCOOS</gco:CharacterString>
                    </keyword>
                </MD_Keywords>
            </descriptiveKeywords>
            <descriptiveKeywords>
                <MD_Keywords>
                    <keyword>
                        <gco:CharacterString>Gulf of Mexico</gco:CharacterString>
                    </keyword>
                    <keyword>
                        <gco:CharacterString>Bathymetry</gco:CharacterString>
                    </keyword>
                    <keyword>
                        <gco:CharacterString>isobath</gco:CharacterString>
                    </keyword>
                    <keyword>
                        <gco:CharacterString>depth contour</gco:CharacterString>
                    </keyword>
                    <keyword>
                        <gco:CharacterString>GCOOS</gco:CharacterString>
                    </keyword>
                </MD_Keywords>
            </descriptiveKeywords>
            <resourceConstraints>
                <MD_Constraints>
                    <useLimitation>
                        <gco:CharacterString>The Gulf of Mexico Coastal OceanObserving System (GCOOS) aggregates data from regional data providers for the convenience of all data users. Data published on this site should not be used for navigation or certain other uses as we cannot guarantee data accuracy or availability. The data delivery services are provided ‘as is’ without warranty of any kind. By use of the website and/or any of its services or products, you agree to abide by the terms of this Disclaimer</gco:CharacterString>
                    </useLimitation>
                </MD_Constraints>
            </resourceConstraints>
            <language gco:nilReason="missing"/>
            <characterSet>
                <MD_CharacterSetCode codeList="http://www.isotc211.org/2005/resources/Codelist/gmxCodelists.xml#MD_CharacterSetCode" codeListValue="utf8" codeSpace="ISOTC211/19115">utf8</MD_CharacterSetCode>
            </characterSet>
        </MD_DataIdentification>
    </identificationInfo>
</MD_Metadata>
