<metadata xml:lang="en"><Esri><CreaDate>20220126</CreaDate><CreaTime>19542100</CreaTime><ArcGISFormat>1.0</ArcGISFormat><SyncOnce>FALSE</SyncOnce><DataProperties><itemProps><itemName Sync="TRUE">SF_Block_Grps_With_Data</itemName><imsContentType Sync="TRUE">002</imsContentType><itemLocation><linkage Sync="TRUE">file://\\DESKTOP-9EH39FU\C$\Users\92970\Desktop\SSCI583\project4\FD\Data\SF_Block_Grps_With_Data.shp</linkage><protocol Sync="TRUE">Local Area Network</protocol></itemLocation><itemSize Sync="TRUE">0.000</itemSize></itemProps><coordRef><type Sync="TRUE">Projected</type><geogcsn Sync="TRUE">GCS_NAD_1983_2011</geogcsn><csUnits Sync="TRUE">Linear Unit: Foot_US (0.304801)</csUnits><projcsn Sync="TRUE">NAD_1983_2011_StatePlane_California_III_FIPS_0403_Ft_US</projcsn><peXml Sync="TRUE">&lt;ProjectedCoordinateSystem xsi:type='typens:ProjectedCoordinateSystem' xmlns:xsi='http://www.w3.org/2001/XMLSchema-instance' xmlns:xs='http://www.w3.org/2001/XMLSchema' xmlns:typens='http://www.esri.com/schemas/ArcGIS/3.0.0'&gt;&lt;WKT&gt;PROJCS[&amp;quot;NAD_1983_2011_StatePlane_California_III_FIPS_0403_Ft_US&amp;quot;,GEOGCS[&amp;quot;GCS_NAD_1983_2011&amp;quot;,DATUM[&amp;quot;D_NAD_1983_2011&amp;quot;,SPHEROID[&amp;quot;GRS_1980&amp;quot;,6378137.0,298.257222101]],PRIMEM[&amp;quot;Greenwich&amp;quot;,0.0],UNIT[&amp;quot;Degree&amp;quot;,0.0174532925199433]],PROJECTION[&amp;quot;Lambert_Conformal_Conic&amp;quot;],PARAMETER[&amp;quot;False_Easting&amp;quot;,6561666.666666666],PARAMETER[&amp;quot;False_Northing&amp;quot;,1640416.666666667],PARAMETER[&amp;quot;Central_Meridian&amp;quot;,-120.5],PARAMETER[&amp;quot;Standard_Parallel_1&amp;quot;,37.06666666666667],PARAMETER[&amp;quot;Standard_Parallel_2&amp;quot;,38.43333333333333],PARAMETER[&amp;quot;Latitude_Of_Origin&amp;quot;,36.5],UNIT[&amp;quot;Foot_US&amp;quot;,0.3048006096012192],AUTHORITY[&amp;quot;EPSG&amp;quot;,6420]]&lt;/WKT&gt;&lt;XOrigin&gt;-115860600&lt;/XOrigin&gt;&lt;YOrigin&gt;-93269500&lt;/YOrigin&gt;&lt;XYScale&gt;36787427.345686711&lt;/XYScale&gt;&lt;ZOrigin&gt;-100000&lt;/ZOrigin&gt;&lt;ZScale&gt;10000&lt;/ZScale&gt;&lt;MOrigin&gt;-100000&lt;/MOrigin&gt;&lt;MScale&gt;10000&lt;/MScale&gt;&lt;XYTolerance&gt;0.0032808333333333331&lt;/XYTolerance&gt;&lt;ZTolerance&gt;0.001&lt;/ZTolerance&gt;&lt;MTolerance&gt;0.001&lt;/MTolerance&gt;&lt;HighPrecision&gt;true&lt;/HighPrecision&gt;&lt;WKID&gt;103005&lt;/WKID&gt;&lt;LatestWKID&gt;6420&lt;/LatestWKID&gt;&lt;/ProjectedCoordinateSystem&gt;</peXml></coordRef><lineage><Process ToolSource="c:\program files\arcgis\pro\Resources\ArcToolbox\toolboxes\Conversion Tools.tbx\FeatureClassToFeatureClass" Date="20220116" Time="203813">FeatureClassToFeatureClass BG_2019_US_SL150_Coast_Clipped G:\583\SF_Data\SF_Data.gdb SF_Block_Groups # "STATEFP "STATEFP" true true false 2 Text 0 0,First,#,BG_2019_US_SL150_Coast_Clipped,STATEFP,0,2;COUNTYFP "COUNTYFP" true true false 3 Text 0 0,First,#,BG_2019_US_SL150_Coast_Clipped,COUNTYFP,0,3;TRACTCE "TRACTCE" true true false 6 Text 0 0,First,#,BG_2019_US_SL150_Coast_Clipped,TRACTCE,0,6;BLKGRPCE "BLKGRPCE" true true false 1 Text 0 0,First,#,BG_2019_US_SL150_Coast_Clipped,BLKGRPCE,0,1;GEOID "GEOID" true true false 12 Text 0 0,First,#,BG_2019_US_SL150_Coast_Clipped,GEOID,0,12;NAMELSAD "NAMELSAD" true true false 13 Text 0 0,First,#,BG_2019_US_SL150_Coast_Clipped,NAMELSAD,0,13;MTFCC "MTFCC" true true false 5 Text 0 0,First,#,BG_2019_US_SL150_Coast_Clipped,MTFCC,0,5;FUNCSTAT "FUNCSTAT" true true false 1 Text 0 0,First,#,BG_2019_US_SL150_Coast_Clipped,FUNCSTAT,0,1;ALAND "ALAND" true true false 10 Long 0 10,First,#,BG_2019_US_SL150_Coast_Clipped,ALAND,-1,-1;AWATER "AWATER" true true false 10 Long 0 10,First,#,BG_2019_US_SL150_Coast_Clipped,AWATER,-1,-1;INTPTLAT "INTPTLAT" true true false 11 Text 0 0,First,#,BG_2019_US_SL150_Coast_Clipped,INTPTLAT,0,11;INTPTLON "INTPTLON" true true false 12 Text 0 0,First,#,BG_2019_US_SL150_Coast_Clipped,INTPTLON,0,12" #</Process><Process ToolSource="c:\program files\arcgis\pro\Resources\ArcToolbox\toolboxes\Data Management Tools.tbx\UpdateSchema" Date="20220116" Time="214954">UpdateSchema "CIMDATA=&lt;CIMStandardDataConnection xsi:type='typens:CIMStandardDataConnection' xmlns:xsi='http://www.w3.org/2001/XMLSchema-instance' xmlns:xs='http://www.w3.org/2001/XMLSchema' xmlns:typens='http://www.esri.com/schemas/ArcGIS/2.9.0'&gt;&lt;WorkspaceConnectionString&gt;DATABASE=G:\583\SF_Data\SF_Data.gdb&lt;/WorkspaceConnectionString&gt;&lt;WorkspaceFactory&gt;FileGDB&lt;/WorkspaceFactory&gt;&lt;Dataset&gt;SF_Block_Groups&lt;/Dataset&gt;&lt;DatasetType&gt;esriDTFeatureClass&lt;/DatasetType&gt;&lt;/CIMStandardDataConnection&gt;" &lt;operationSequence&gt;&lt;workflow&gt;&lt;AddField&gt;&lt;field_name&gt;GEO_ID&lt;/field_name&gt;&lt;field_type&gt;DOUBLE&lt;/field_type&gt;&lt;field_alias&gt;GEO_ID&lt;/field_alias&gt;&lt;field_is_nullable&gt;True&lt;/field_is_nullable&gt;&lt;field_is_required&gt;False&lt;/field_is_required&gt;&lt;/AddField&gt;&lt;/workflow&gt;&lt;/operationSequence&gt;</Process><Process ToolSource="c:\program files\arcgis\pro\Resources\ArcToolbox\toolboxes\Data Management Tools.tbx\CalculateField" Date="20220116" Time="215120">CalculateField SF_Block_Groups GEO_ID !GEOID! "Python 3" # Text NO_ENFORCE_DOMAINS</Process><Process ToolSource="c:\program files\arcgis\pro\Resources\ArcToolbox\toolboxes\Conversion Tools.tbx\FeatureClassToFeatureClass" Date="20220116" Time="215253">FeatureClassToFeatureClass SF_Block_Groups G:\583\SF_Data\SF_Data.gdb SF_Block_Grps_With_Data # "STATEFP "STATEFP" true true false 2 Text 0 0,First,#,SF_Block_Groups,SF_Block_Groups.STATEFP,0,2;COUNTYFP "COUNTYFP" true true false 3 Text 0 0,First,#,SF_Block_Groups,SF_Block_Groups.COUNTYFP,0,3;TRACTCE "TRACTCE" true true false 6 Text 0 0,First,#,SF_Block_Groups,SF_Block_Groups.TRACTCE,0,6;BLKGRPCE "BLKGRPCE" true true false 1 Text 0 0,First,#,SF_Block_Groups,SF_Block_Groups.BLKGRPCE,0,1;GEOID "GEOID" true true false 12 Text 0 0,First,#,SF_Block_Groups,SF_Block_Groups.GEOID,0,12;NAMELSAD "NAMELSAD" true true false 13 Text 0 0,First,#,SF_Block_Groups,SF_Block_Groups.NAMELSAD,0,13;MTFCC "MTFCC" true true false 5 Text 0 0,First,#,SF_Block_Groups,SF_Block_Groups.MTFCC,0,5;FUNCSTAT "FUNCSTAT" true true false 1 Text 0 0,First,#,SF_Block_Groups,SF_Block_Groups.FUNCSTAT,0,1;ALAND "ALAND" true true false 4 Long 0 0,First,#,SF_Block_Groups,SF_Block_Groups.ALAND,-1,-1;AWATER "AWATER" true true false 4 Long 0 0,First,#,SF_Block_Groups,SF_Block_Groups.AWATER,-1,-1;INTPTLAT "INTPTLAT" true true false 11 Text 0 0,First,#,SF_Block_Groups,SF_Block_Groups.INTPTLAT,0,11;INTPTLON "INTPTLON" true true false 12 Text 0 0,First,#,SF_Block_Groups,SF_Block_Groups.INTPTLON,0,12;Shape_Length "Shape_Length" false true true 8 Double 0 0,First,#,SF_Block_Groups,SF_Block_Groups.Shape_Length,-1,-1;Shape_Area "Shape_Area" false true true 8 Double 0 0,First,#,SF_Block_Groups,SF_Block_Groups.Shape_Area,-1,-1;GEO_ID "GEO_ID" true true false 8 Double 0 0,First,#,SF_Block_Groups,SF_Block_Groups.GEO_ID,-1,-1;F1 "F1" true true false 255 Text 0 0,First,#,SF_Block_Groups,ACSDT5Y2019_B01002_data_with_ov$.F1,0,255;GEO_ID "GEO_ID" true true false 255 Text 0 0,First,#,SF_Block_Groups,ACSDT5Y2019_B01002_data_with_ov$.GEO_ID,0,255;F3 "F3" true true false 255 Text 0 0,First,#,SF_Block_Groups,ACSDT5Y2019_B01002_data_with_ov$.F3,0,255;Total_Pop "Total_Pop" true true false 8 Double 0 0,First,#,SF_Block_Groups,ACSDT5Y2019_B01002_data_with_ov$.Total_Pop,-1,-1;Pop_White "Pop_White" true true false 8 Double 0 0,First,#,SF_Block_Groups,ACSDT5Y2019_B01002_data_with_ov$.Pop_White,-1,-1;Pop_Black "Pop_Black" true true false 8 Double 0 0,First,#,SF_Block_Groups,ACSDT5Y2019_B01002_data_with_ov$.Pop_Black,-1,-1;Pop_Amer_Indian "Pop_Amer_Indian" true true false 8 Double 0 0,First,#,SF_Block_Groups,ACSDT5Y2019_B01002_data_with_ov$.Pop_Amer_Indian,-1,-1;Pop_Asian "Pop_Asian" true true false 8 Double 0 0,First,#,SF_Block_Groups,ACSDT5Y2019_B01002_data_with_ov$.Pop_Asian,-1,-1;Pop_Haw_PacIslander "Pop_Haw_PacIslander" true true false 8 Double 0 0,First,#,SF_Block_Groups,ACSDT5Y2019_B01002_data_with_ov$.Pop_Haw_PacIslander,-1,-1;Pop_Other_Race "Pop_Other_Race" true true false 8 Double 0 0,First,#,SF_Block_Groups,ACSDT5Y2019_B01002_data_with_ov$.Pop_Other_Race,-1,-1;Pop_Two_Races "Pop_Two_Races" true true false 8 Double 0 0,First,#,SF_Block_Groups,ACSDT5Y2019_B01002_data_with_ov$.Pop_Two_Races,-1,-1;Tot_HH "Tot_HH" true true false 8 Double 0 0,First,#,SF_Block_Groups,ACSDT5Y2019_B01002_data_with_ov$.Tot_HH,-1,-1;Tot_FamHH "Tot_FamHH" true true false 8 Double 0 0,First,#,SF_Block_Groups,ACSDT5Y2019_B01002_data_with_ov$.Tot_FamHH,-1,-1;FamHH_Married "FamHH_Married" true true false 8 Double 0 0,First,#,SF_Block_Groups,ACSDT5Y2019_B01002_data_with_ov$.FamHH_Married,-1,-1;FamHH_Other_Tot "FamHH_Other_Tot" true true false 8 Double 0 0,First,#,SF_Block_Groups,ACSDT5Y2019_B01002_data_with_ov$.FamHH_Other_Tot,-1,-1;FamHH_Male_No_Spouse "FamHH_Male_No_Spouse" true true false 8 Double 0 0,First,#,SF_Block_Groups,ACSDT5Y2019_B01002_data_with_ov$.FamHH_Male_No_Spouse,-1,-1;FamHH_Female_No_Spouse "FamHH_Female_No_Spouse" true true false 8 Double 0 0,First,#,SF_Block_Groups,ACSDT5Y2019_B01002_data_with_ov$.FamHH_Female_No_Spouse,-1,-1;Tot_NonFamHH "Tot_NonFamHH" true true false 8 Double 0 0,First,#,SF_Block_Groups,ACSDT5Y2019_B01002_data_with_ov$.Tot_NonFamHH,-1,-1;NonFamHH_Solo "NonFamHH_Solo" true true false 8 Double 0 0,First,#,SF_Block_Groups,ACSDT5Y2019_B01002_data_with_ov$.NonFamHH_Solo,-1,-1;NonFamHH_Not_Solo "NonFamHH_Not_Solo" true true false 8 Double 0 0,First,#,SF_Block_Groups,ACSDT5Y2019_B01002_data_with_ov$.NonFamHH_Not_Solo,-1,-1;Age_Med "Age_Med" true true false 8 Double 0 0,First,#,SF_Block_Groups,ACSDT5Y2019_B01002_data_with_ov$.Age_Med,-1,-1;Age_Med_Male "Age_Med_Male" true true false 8 Double 0 0,First,#,SF_Block_Groups,ACSDT5Y2019_B01002_data_with_ov$.Age_Med_Male,-1,-1;Age_Med_Female "Age_Med_Female" true true false 8 Double 0 0,First,#,SF_Block_Groups,ACSDT5Y2019_B01002_data_with_ov$.Age_Med_Female,-1,-1;Med_HH_Income_Past_Year "Med_HH_Income_Past_Year" true true false 8 Double 0 0,First,#,SF_Block_Groups,ACSDT5Y2019_B01002_data_with_ov$.Med_HH_Income_Past_Year,-1,-1;Gross_Rent_Med "Gross_Rent_Med" true true false 8 Double 0 0,First,#,SF_Block_Groups,ACSDT5Y2019_B01002_data_with_ov$.Gross_Rent_Med,-1,-1;Ed_None "Ed_None" true true false 8 Double 0 0,First,#,SF_Block_Groups,ACSDT5Y2019_B01002_data_with_ov$.Ed_None,-1,-1;Ed_HS "Ed_HS" true true false 255 Text 0 0,First,#,SF_Block_Groups,ACSDT5Y2019_B01002_data_with_ov$.Ed_HS,0,255;Ed_College "Ed_College" true true false 255 Text 0 0,First,#,SF_Block_Groups,ACSDT5Y2019_B01002_data_with_ov$.Ed_College,0,255;Ed_Masters "Ed_Masters" true true false 255 Text 0 0,First,#,SF_Block_Groups,ACSDT5Y2019_B01002_data_with_ov$.Ed_Masters,0,255;Ed_Prof_Degree "Ed_Prof_Degree" true true false 8 Double 0 0,First,#,SF_Block_Groups,ACSDT5Y2019_B01002_data_with_ov$.Ed_Prof_Degree,-1,-1;Ed_Doctorate "Ed_Doctorate" true true false 8 Double 0 0,First,#,SF_Block_Groups,ACSDT5Y2019_B01002_data_with_ov$.Ed_Doctorate,-1,-1;Commute_Drove_Solo "Commute_Drove_Solo" true true false 8 Double 0 0,First,#,SF_Block_Groups,ACSDT5Y2019_B01002_data_with_ov$.Commute_Drove_Solo,-1,-1;Commute_Carpooled "Commute_Carpooled" true true false 8 Double 0 0,First,#,SF_Block_Groups,ACSDT5Y2019_B01002_data_with_ov$.Commute_Carpooled,-1,-1;Commute_Pub_Trans_Total "Commute_Pub_Trans_Total" true true false 8 Double 0 0,First,#,SF_Block_Groups,ACSDT5Y2019_B01002_data_with_ov$.Commute_Pub_Trans_Total,-1,-1;Commute_Pub_Trans_Bus "Commute_Pub_Trans_Bus" true true false 8 Double 0 0,First,#,SF_Block_Groups,ACSDT5Y2019_B01002_data_with_ov$.Commute_Pub_Trans_Bus,-1,-1;Commute_Pub_Trans_Subway_or_Ele "Commute_Pub_Trans_Subway_or_Elevated_Rail" true true false 8 Double 0 0,First,#,SF_Block_Groups,ACSDT5Y2019_B01002_data_with_ov$.Commute_Pub_Trans_Subway_or_Ele,-1,-1;Commute_Pub_Trans_LongDistRail "Commute_Pub_Trans_LongDistRail" true true false 8 Double 0 0,First,#,SF_Block_Groups,ACSDT5Y2019_B01002_data_with_ov$.Commute_Pub_Trans_LongDistRail,-1,-1;Commute_Pub_Trans_LightRail_Str "Commute_Pub_Trans_LightRail_Streetcar_Trolley" true true false 8 Double 0 0,First,#,SF_Block_Groups,ACSDT5Y2019_B01002_data_with_ov$.Commute_Pub_Trans_LightRail_Str,-1,-1;Commute_Ferryboat "Commute_Ferryboat" true true false 8 Double 0 0,First,#,SF_Block_Groups,ACSDT5Y2019_B01002_data_with_ov$.Commute_Ferryboat,-1,-1;Commute_Taxicab "Commute_Taxicab" true true false 8 Double 0 0,First,#,SF_Block_Groups,ACSDT5Y2019_B01002_data_with_ov$.Commute_Taxicab,-1,-1;Commute_Motorcycle "Commute_Motorcycle" true true false 8 Double 0 0,First,#,SF_Block_Groups,ACSDT5Y2019_B01002_data_with_ov$.Commute_Motorcycle,-1,-1;Commute_Bicycle "Commute_Bicycle" true true false 8 Double 0 0,First,#,SF_Block_Groups,ACSDT5Y2019_B01002_data_with_ov$.Commute_Bicycle,-1,-1;Commute_Walked "Commute_Walked" true true false 8 Double 0 0,First,#,SF_Block_Groups,ACSDT5Y2019_B01002_data_with_ov$.Commute_Walked,-1,-1;Commute_Other "Commute_Other" true true false 8 Double 0 0,First,#,SF_Block_Groups,ACSDT5Y2019_B01002_data_with_ov$.Commute_Other,-1,-1;Worked_from_home "Worked_from_home" true true false 8 Double 0 0,First,#,SF_Block_Groups,ACSDT5Y2019_B01002_data_with_ov$.Worked_from_home,-1,-1;NAME "NAME" true true false 255 Text 0 0,First,#,SF_Block_Groups,ACSDT5Y2019_B01002_data_with_ov$.NAME,0,255;ObjectID "ObjectID" false true false 4 Long 0 9,First,#,SF_Block_Groups,ACSDT5Y2019_B01002_data_with_ov$.ObjectID,-1,-1" #</Process><Process ToolSource="c:\users\92970\appdata\local\programs\arcgis\pro\Resources\ArcToolbox\toolboxes\Data Management Tools.tbx\AddFields" Date="20230122" Time="234525">AddFields SF_Block_Grps_With_Data "Calculated_area DOUBLE # # # #" #</Process><Process ToolSource="c:\users\92970\appdata\local\programs\arcgis\pro\Resources\ArcToolbox\toolboxes\Data Management Tools.tbx\CalculateGeometryAttributes" Date="20230122" Time="234525">CalculateGeometryAttributes SF_Block_Grps_With_Data "Calculated_area AREA" # "Square US Survey Feet" PROJCS["NAD_1983_2011_StatePlane_California_III_FIPS_0403_Ft_US",GEOGCS["GCS_NAD_1983_2011",DATUM["D_NAD_1983_2011",SPHEROID["GRS_1980",6378137.0,298.257222101]],PRIMEM["Greenwich",0.0],UNIT["Degree",0.0174532925199433]],PROJECTION["Lambert_Conformal_Conic"],PARAMETER["False_Easting",6561666.666666666],PARAMETER["False_Northing",1640416.666666667],PARAMETER["Central_Meridian",-120.5],PARAMETER["Standard_Parallel_1",37.06666666666667],PARAMETER["Standard_Parallel_2",38.43333333333333],PARAMETER["Latitude_Of_Origin",36.5],UNIT["Foot_US",0.3048006096012192]] "Same as input"</Process><Process ToolSource="c:\users\92970\appdata\local\programs\arcgis\pro\Resources\ArcToolbox\toolboxes\Data Management Tools.tbx\CalculateField" Date="20230122" Time="234624">CalculateField SF_Block_Grps_With_Data Pop_Density "!Total_Pop! / !Calculated_area!" "Python 3" # "Float (32-bit floating point)" NO_ENFORCE_DOMAINS</Process><Process ToolSource="c:\users\92970\appdata\local\programs\arcgis\pro\Resources\ArcToolbox\toolboxes\Conversion Tools.tbx\ExportFeatures" Date="20230331" Time="171654">ExportFeatures SF_Block_Grps_With_Data C:\Users\92970\Desktop\SSCI583\project4\FD\Data\SF_Block_Grps_With_Data.shp # NOT_USE_ALIAS "STATEFP "STATEFP" true true false 2 Text 0 0,First,#,SF_Block_Grps_With_Data,STATEFP,0,2;COUNTYFP "COUNTYFP" true true false 3 Text 0 0,First,#,SF_Block_Grps_With_Data,COUNTYFP,0,3;TRACTCE "TRACTCE" true true false 6 Text 0 0,First,#,SF_Block_Grps_With_Data,TRACTCE,0,6;BLKGRPCE "BLKGRPCE" true true false 1 Text 0 0,First,#,SF_Block_Grps_With_Data,BLKGRPCE,0,1;GEOID "GEOID" true true false 12 Text 0 0,First,#,SF_Block_Grps_With_Data,GEOID,0,12;NAMELSAD "NAMELSAD" true true false 13 Text 0 0,First,#,SF_Block_Grps_With_Data,NAMELSAD,0,13;MTFCC "MTFCC" true true false 5 Text 0 0,First,#,SF_Block_Grps_With_Data,MTFCC,0,5;FUNCSTAT "FUNCSTAT" true true false 1 Text 0 0,First,#,SF_Block_Grps_With_Data,FUNCSTAT,0,1;ALAND "ALAND" true true false 4 Long 0 0,First,#,SF_Block_Grps_With_Data,ALAND,-1,-1;AWATER "AWATER" true true false 4 Long 0 0,First,#,SF_Block_Grps_With_Data,AWATER,-1,-1;INTPTLAT "INTPTLAT" true true false 11 Text 0 0,First,#,SF_Block_Grps_With_Data,INTPTLAT,0,11;INTPTLON "INTPTLON" true true false 12 Text 0 0,First,#,SF_Block_Grps_With_Data,INTPTLON,0,12;GEO_ID "GEO_ID" true true false 8 Double 0 0,First,#,SF_Block_Grps_With_Data,GEO_ID,-1,-1;F1 "F1" true true false 255 Text 0 0,First,#,SF_Block_Grps_With_Data,F1,0,255;GEO_ID_1 "GEO_ID" true true false 255 Text 0 0,First,#,SF_Block_Grps_With_Data,GEO_ID_1,0,255;F3 "F3" true true false 255 Text 0 0,First,#,SF_Block_Grps_With_Data,F3,0,255;Total_Pop "Total_Pop" true true false 8 Double 0 0,First,#,SF_Block_Grps_With_Data,Total_Pop,-1,-1;Pop_White "Pop_White" true true false 8 Double 0 0,First,#,SF_Block_Grps_With_Data,Pop_White,-1,-1;Pop_Black "Pop_Black" true true false 8 Double 0 0,First,#,SF_Block_Grps_With_Data,Pop_Black,-1,-1;Pop_Amer_Indian "Pop_Amer_Indian" true true false 8 Double 0 0,First,#,SF_Block_Grps_With_Data,Pop_Amer_Indian,-1,-1;Pop_Asian "Pop_Asian" true true false 8 Double 0 0,First,#,SF_Block_Grps_With_Data,Pop_Asian,-1,-1;Pop_Haw_PacIslander "Pop_Haw_PacIslander" true true false 8 Double 0 0,First,#,SF_Block_Grps_With_Data,Pop_Haw_PacIslander,-1,-1;Pop_Other_Race "Pop_Other_Race" true true false 8 Double 0 0,First,#,SF_Block_Grps_With_Data,Pop_Other_Race,-1,-1;Pop_Two_Races "Pop_Two_Races" true true false 8 Double 0 0,First,#,SF_Block_Grps_With_Data,Pop_Two_Races,-1,-1;Tot_HH "Tot_HH" true true false 8 Double 0 0,First,#,SF_Block_Grps_With_Data,Tot_HH,-1,-1;Tot_FamHH "Tot_FamHH" true true false 8 Double 0 0,First,#,SF_Block_Grps_With_Data,Tot_FamHH,-1,-1;FamHH_Married "FamHH_Married" true true false 8 Double 0 0,First,#,SF_Block_Grps_With_Data,FamHH_Married,-1,-1;FamHH_Other_Tot "FamHH_Other_Tot" true true false 8 Double 0 0,First,#,SF_Block_Grps_With_Data,FamHH_Other_Tot,-1,-1;FamHH_Male_No_Spouse "FamHH_Male_No_Spouse" true true false 8 Double 0 0,First,#,SF_Block_Grps_With_Data,FamHH_Male_No_Spouse,-1,-1;FamHH_Female_No_Spouse "FamHH_Female_No_Spouse" true true false 8 Double 0 0,First,#,SF_Block_Grps_With_Data,FamHH_Female_No_Spouse,-1,-1;Tot_NonFamHH "Tot_NonFamHH" true true false 8 Double 0 0,First,#,SF_Block_Grps_With_Data,Tot_NonFamHH,-1,-1;NonFamHH_Solo "NonFamHH_Solo" true true false 8 Double 0 0,First,#,SF_Block_Grps_With_Data,NonFamHH_Solo,-1,-1;NonFamHH_Not_Solo "NonFamHH_Not_Solo" true true false 8 Double 0 0,First,#,SF_Block_Grps_With_Data,NonFamHH_Not_Solo,-1,-1;Age_Med "Age_Med" true true false 8 Double 0 0,First,#,SF_Block_Grps_With_Data,Age_Med,-1,-1;Age_Med_Male "Age_Med_Male" true true false 8 Double 0 0,First,#,SF_Block_Grps_With_Data,Age_Med_Male,-1,-1;Age_Med_Female "Age_Med_Female" true true false 8 Double 0 0,First,#,SF_Block_Grps_With_Data,Age_Med_Female,-1,-1;Med_HH_Income_Past_Year "Med_HH_Income_Past_Year" true true false 8 Double 0 0,First,#,SF_Block_Grps_With_Data,Med_HH_Income_Past_Year,-1,-1;Gross_Rent_Med "Gross_Rent_Med" true true false 8 Double 0 0,First,#,SF_Block_Grps_With_Data,Gross_Rent_Med,-1,-1;Ed_None "Ed_None" true true false 8 Double 0 0,First,#,SF_Block_Grps_With_Data,Ed_None,-1,-1;Ed_HS "Ed_HS" true true false 255 Text 0 0,First,#,SF_Block_Grps_With_Data,Ed_HS,0,255;Ed_College "Ed_College" true true false 255 Text 0 0,First,#,SF_Block_Grps_With_Data,Ed_College,0,255;Ed_Masters "Ed_Masters" true true false 255 Text 0 0,First,#,SF_Block_Grps_With_Data,Ed_Masters,0,255;Ed_Prof_Degree "Ed_Prof_Degree" true true false 8 Double 0 0,First,#,SF_Block_Grps_With_Data,Ed_Prof_Degree,-1,-1;Ed_Doctorate "Ed_Doctorate" true true false 8 Double 0 0,First,#,SF_Block_Grps_With_Data,Ed_Doctorate,-1,-1;Commute_Drove_Solo "Commute_Drove_Solo" true true false 8 Double 0 0,First,#,SF_Block_Grps_With_Data,Commute_Drove_Solo,-1,-1;Commute_Carpooled "Commute_Carpooled" true true false 8 Double 0 0,First,#,SF_Block_Grps_With_Data,Commute_Carpooled,-1,-1;Commute_Pub_Trans_Total "Commute_Pub_Trans_Total" true true false 8 Double 0 0,First,#,SF_Block_Grps_With_Data,Commute_Pub_Trans_Total,-1,-1;Commute_Pub_Trans_Bus "Commute_Pub_Trans_Bus" true true false 8 Double 0 0,First,#,SF_Block_Grps_With_Data,Commute_Pub_Trans_Bus,-1,-1;Commute_Pub_Trans_Subway_or_Ele "Commute_Pub_Trans_Subway_or_Elevated_Rail" true true false 8 Double 0 0,First,#,SF_Block_Grps_With_Data,Commute_Pub_Trans_Subway_or_Ele,-1,-1;Commute_Pub_Trans_LongDistRail "Commute_Pub_Trans_LongDistRail" true true false 8 Double 0 0,First,#,SF_Block_Grps_With_Data,Commute_Pub_Trans_LongDistRail,-1,-1;Commute_Pub_Trans_LightRail_Str "Commute_Pub_Trans_LightRail_Streetcar_Trolley" true true false 8 Double 0 0,First,#,SF_Block_Grps_With_Data,Commute_Pub_Trans_LightRail_Str,-1,-1;Commute_Ferryboat "Commute_Ferryboat" true true false 8 Double 0 0,First,#,SF_Block_Grps_With_Data,Commute_Ferryboat,-1,-1;Commute_Taxicab "Commute_Taxicab" true true false 8 Double 0 0,First,#,SF_Block_Grps_With_Data,Commute_Taxicab,-1,-1;Commute_Motorcycle "Commute_Motorcycle" true true false 8 Double 0 0,First,#,SF_Block_Grps_With_Data,Commute_Motorcycle,-1,-1;Commute_Bicycle "Commute_Bicycle" true true false 8 Double 0 0,First,#,SF_Block_Grps_With_Data,Commute_Bicycle,-1,-1;Commute_Walked "Commute_Walked" true true false 8 Double 0 0,First,#,SF_Block_Grps_With_Data,Commute_Walked,-1,-1;Commute_Other "Commute_Other" true true false 8 Double 0 0,First,#,SF_Block_Grps_With_Data,Commute_Other,-1,-1;Worked_from_home "Worked_from_home" true true false 8 Double 0 0,First,#,SF_Block_Grps_With_Data,Worked_from_home,-1,-1;NAME "NAME" true true false 255 Text 0 0,First,#,SF_Block_Grps_With_Data,NAME,0,255;ObjectID "ObjectID" true true false 4 Long 0 0,First,#,SF_Block_Grps_With_Data,ObjectID,-1,-1;Shape_Length "Shape_Length" false true true 8 Double 0 0,First,#,SF_Block_Grps_With_Data,Shape_Length,-1,-1;Shape_Area "Shape_Area" false true true 8 Double 0 0,First,#,SF_Block_Grps_With_Data,Shape_Area,-1,-1;Calculated_area "Calculated_area" true true false 8 Double 0 0,First,#,SF_Block_Grps_With_Data,Calculated_area,-1,-1;Pop_Density "Pop_Density" true true false 4 Float 0 0,First,#,SF_Block_Grps_With_Data,Pop_Density,-1,-1" #</Process><Process ToolSource="c:\users\92970\appdata\local\programs\arcgis\pro\Resources\ArcToolbox\toolboxes\Data Management Tools.tbx\DeleteField" Date="20230331" Time="171742">DeleteField SF_Block_Grps_With_Data F1;GEO_ID_1;F3 "Delete Fields"</Process><Process ToolSource="c:\users\92970\appdata\local\programs\arcgis\pro\Resources\ArcToolbox\toolboxes\Data Management Tools.tbx\DeleteField" Date="20230331" Time="171759">DeleteField SF_Block_Grps_With_Data Pop_White;Pop_Black;Pop_Amer_I;Pop_Asian;Pop_Haw_Pa;Pop_Other_;Pop_Two_Ra "Delete Fields"</Process><Process ToolSource="c:\users\92970\appdata\local\programs\arcgis\pro\Resources\ArcToolbox\toolboxes\Data Management Tools.tbx\DeleteField" Date="20230331" Time="171914">DeleteField SF_Block_Grps_With_Data FamHH_Marr;FamHH_Othe;FamHH_Male;FamHH_Fema;Tot_NonFam;NonFamHH_S;NonFamHH_N;Age_Med;Age_Med_Ma "Delete Fields"</Process><Process ToolSource="c:\users\92970\appdata\local\programs\arcgis\pro\Resources\ArcToolbox\toolboxes\Data Management Tools.tbx\DeleteField" Date="20230331" Time="172406">DeleteField SF_Block_Grps_With_Data Ed_College;Ed_Masters;Ed_Prof_De;Ed_Doctora "Delete Fields"</Process><Process ToolSource="c:\users\92970\appdata\local\programs\arcgis\pro\Resources\ArcToolbox\toolboxes\Data Management Tools.tbx\UpdateSchema" Date="20230331" Time="180615">UpdateSchema "CIMDATA=&lt;CIMStandardDataConnection xsi:type='typens:CIMStandardDataConnection' xmlns:xsi='http://www.w3.org/2001/XMLSchema-instance' xmlns:xs='http://www.w3.org/2001/XMLSchema' xmlns:typens='http://www.esri.com/schemas/ArcGIS/3.0.0'&gt;&lt;WorkspaceConnectionString&gt;DATABASE=C:\Users\92970\Desktop\SSCI583\project4\FD\Data&lt;/WorkspaceConnectionString&gt;&lt;WorkspaceFactory&gt;Shapefile&lt;/WorkspaceFactory&gt;&lt;Dataset&gt;SF_Block_Grps_With_Data&lt;/Dataset&gt;&lt;DatasetType&gt;esriDTFeatureClass&lt;/DatasetType&gt;&lt;/CIMStandardDataConnection&gt;" &lt;operationSequence&gt;&lt;workflow&gt;&lt;AddField&gt;&lt;field_name&gt;edu&lt;/field_name&gt;&lt;field_type&gt;DOUBLE&lt;/field_type&gt;&lt;field_is_nullable&gt;False&lt;/field_is_nullable&gt;&lt;field_is_required&gt;False&lt;/field_is_required&gt;&lt;/AddField&gt;&lt;/workflow&gt;&lt;/operationSequence&gt;</Process><Process ToolSource="c:\users\92970\appdata\local\programs\arcgis\pro\Resources\ArcToolbox\toolboxes\Data Management Tools.tbx\DeleteField" Date="20230331" Time="181003">DeleteField SF_Block_Grps_With_Data Age_Med_Fe;Med_HH_Inc;Gross_Rent "Delete Fields"</Process><Process ToolSource="c:\users\92970\appdata\local\programs\arcgis\pro\Resources\ArcToolbox\toolboxes\Data Management Tools.tbx\DeleteField" Date="20230331" Time="181015">DeleteField SF_Block_Grps_With_Data Pop_Densit "Delete Fields"</Process><Process ToolSource="c:\users\92970\appdata\local\programs\arcgis\pro\Resources\ArcToolbox\toolboxes\Data Management Tools.tbx\DeleteField" Date="20230331" Time="181028">DeleteField SF_Block_Grps_With_Data Calculated "Delete Fields"</Process><Process ToolSource="c:\users\92970\appdata\local\programs\arcgis\pro\Resources\ArcToolbox\toolboxes\Data Management Tools.tbx\DeleteField" Date="20230331" Time="181216">DeleteField SF_Block_Grps_With_Data Commute_Dr;Commute_Ca;Commute_Pu;Commute__1;Commute__2;Commute__3;Commute__4;Commute_Fe;Commute_Ta;Commute_Mo;Commute_Bi;Commute_Wa;Commute_Ot;Worked_fro "Delete Fields"</Process><Process ToolSource="c:\users\92970\appdata\local\programs\arcgis\pro\Resources\ArcToolbox\toolboxes\Data Management Tools.tbx\UpdateSchema" Date="20230331" Time="181840">UpdateSchema "CIMDATA=&lt;CIMStandardDataConnection xsi:type='typens:CIMStandardDataConnection' xmlns:xsi='http://www.w3.org/2001/XMLSchema-instance' xmlns:xs='http://www.w3.org/2001/XMLSchema' xmlns:typens='http://www.esri.com/schemas/ArcGIS/3.0.0'&gt;&lt;WorkspaceConnectionString&gt;DATABASE=C:\Users\92970\Desktop\SSCI583\project4\FD\Data&lt;/WorkspaceConnectionString&gt;&lt;WorkspaceFactory&gt;Shapefile&lt;/WorkspaceFactory&gt;&lt;Dataset&gt;SF_Block_Grps_With_Data&lt;/Dataset&gt;&lt;DatasetType&gt;esriDTFeatureClass&lt;/DatasetType&gt;&lt;/CIMStandardDataConnection&gt;" &lt;operationSequence&gt;&lt;workflow&gt;&lt;DeleteField&gt;&lt;field_name&gt;edu&lt;/field_name&gt;&lt;/DeleteField&gt;&lt;/workflow&gt;&lt;workflow&gt;&lt;AddField&gt;&lt;field_name&gt;edu&lt;/field_name&gt;&lt;field_type&gt;DOUBLE&lt;/field_type&gt;&lt;field_is_nullable&gt;False&lt;/field_is_nullable&gt;&lt;field_is_required&gt;False&lt;/field_is_required&gt;&lt;/AddField&gt;&lt;/workflow&gt;&lt;/operationSequence&gt;</Process><Process ToolSource="c:\users\92970\appdata\local\programs\arcgis\pro\Resources\ArcToolbox\toolboxes\Data Management Tools.tbx\CalculateField" Date="20230331" Time="182432">CalculateField SF_Block_Grps_With_Data edu "1 - !Ed_None! / !Total_Pop!" "Python 3" # Text NO_ENFORCE_DOMAINS</Process></lineage></DataProperties><SyncDate>20230331</SyncDate><SyncTime>17165400</SyncTime><ModDate>20230331</ModDate><ModTime>17165400</ModTime></Esri><dataIdInfo><envirDesc Sync="TRUE">Microsoft Windows 10 Version 10.0 (Build 19045) ; Esri ArcGIS 13.0.3.36057</envirDesc><dataLang><languageCode value="zho" Sync="TRUE"></languageCode><countryCode value="CHN" Sync="TRUE"></countryCode></dataLang><idCitation><resTitle Sync="TRUE">SF_Block_Grps_With_Data</resTitle><presForm><PresFormCd value="005" Sync="TRUE"></PresFormCd></presForm></idCitation><spatRpType><SpatRepTypCd value="001" Sync="TRUE"></SpatRepTypCd></spatRpType></dataIdInfo><mdLang><languageCode value="zho" Sync="TRUE"></languageCode><countryCode value="CHN" Sync="TRUE"></countryCode></mdLang><distInfo><distFormat><formatName Sync="TRUE">Shapefile</formatName></distFormat><distTranOps><transSize Sync="TRUE">0.000</transSize></distTranOps></distInfo><mdHrLv><ScopeCd value="005" Sync="TRUE"></ScopeCd></mdHrLv><mdHrLvName Sync="TRUE">dataset</mdHrLvName><refSysInfo><RefSystem><refSysID><identCode code="6420" Sync="TRUE"></identCode><idCodeSpace Sync="TRUE">EPSG</idCodeSpace><idVersion Sync="TRUE">8.2.10(10.3.1)</idVersion></refSysID></RefSystem></refSysInfo><spatRepInfo><VectSpatRep><geometObjs Name="SF_Block_Grps_With_Data"><geoObjTyp><GeoObjTypCd value="002" Sync="TRUE"></GeoObjTypCd></geoObjTyp><geoObjCnt Sync="TRUE">0</geoObjCnt></geometObjs><topLvl><TopoLevCd value="001" Sync="TRUE"></TopoLevCd></topLvl></VectSpatRep></spatRepInfo><spdoinfo><ptvctinf><esriterm Name="SF_Block_Grps_With_Data"><efeatyp Sync="TRUE">Simple</efeatyp><efeageom code="4" Sync="TRUE"></efeageom><esritopo Sync="TRUE">FALSE</esritopo><efeacnt Sync="TRUE">0</efeacnt><spindex Sync="TRUE">FALSE</spindex><linrefer Sync="TRUE">FALSE</linrefer></esriterm></ptvctinf></spdoinfo><eainfo><detailed Name="SF_Block_Grps_With_Data"><enttyp><enttypl Sync="TRUE">SF_Block_Grps_With_Data</enttypl><enttypt Sync="TRUE">Feature Class</enttypt><enttypc Sync="TRUE">0</enttypc></enttyp><attr><attrlabl Sync="TRUE">FID</attrlabl><attalias Sync="TRUE">FID</attalias><attrtype Sync="TRUE">OID</attrtype><attwidth Sync="TRUE">4</attwidth><atprecis Sync="TRUE">0</atprecis><attscale Sync="TRUE">0</attscale><attrdef Sync="TRUE">Internal feature number.</attrdef><attrdefs Sync="TRUE">Esri</attrdefs><attrdomv><udom Sync="TRUE">Sequential unique whole numbers that are automatically generated.</udom></attrdomv></attr><attr><attrlabl Sync="TRUE">OBJECTID</attrlabl><attalias Sync="TRUE">ObjectID</attalias><attrtype Sync="TRUE">Integer</attrtype><attwidth Sync="TRUE">10</attwidth><atprecis Sync="TRUE">10</atprecis><attscale Sync="TRUE">0</attscale><attrdef Sync="TRUE">Internal feature number.</attrdef><attrdefs Sync="TRUE">Esri</attrdefs><attrdomv><udom Sync="TRUE">Sequential unique whole numbers that are automatically generated.</udom></attrdomv></attr><attr><attrlabl Sync="TRUE">Shape</attrlabl><attalias Sync="TRUE">Shape</attalias><attrtype Sync="TRUE">Geometry</attrtype><attwidth Sync="TRUE">0</attwidth><atprecis Sync="TRUE">0</atprecis><attscale Sync="TRUE">0</attscale><attrdef Sync="TRUE">Feature geometry.</attrdef><attrdefs Sync="TRUE">Esri</attrdefs><attrdomv><udom Sync="TRUE">Coordinates defining the features.</udom></attrdomv></attr><attr><attrlabl Sync="TRUE">STATEFP</attrlabl><attalias Sync="TRUE">STATEFP</attalias><attrtype Sync="TRUE">String</attrtype><attwidth Sync="TRUE">2</attwidth><atprecis Sync="TRUE">0</atprecis><attscale Sync="TRUE">0</attscale></attr><attr><attrlabl Sync="TRUE">COUNTYFP</attrlabl><attalias Sync="TRUE">COUNTYFP</attalias><attrtype Sync="TRUE">String</attrtype><attwidth Sync="TRUE">3</attwidth><atprecis Sync="TRUE">0</atprecis><attscale Sync="TRUE">0</attscale></attr><attr><attrlabl Sync="TRUE">TRACTCE</attrlabl><attalias Sync="TRUE">TRACTCE</attalias><attrtype Sync="TRUE">String</attrtype><attwidth Sync="TRUE">6</attwidth><atprecis Sync="TRUE">0</atprecis><attscale Sync="TRUE">0</attscale></attr><attr><attrlabl Sync="TRUE">BLKGRPCE</attrlabl><attalias Sync="TRUE">BLKGRPCE</attalias><attrtype Sync="TRUE">String</attrtype><attwidth Sync="TRUE">1</attwidth><atprecis Sync="TRUE">0</atprecis><attscale Sync="TRUE">0</attscale></attr><attr><attrlabl Sync="TRUE">GEOID</attrlabl><attalias Sync="TRUE">GEOID</attalias><attrtype Sync="TRUE">String</attrtype><attwidth Sync="TRUE">12</attwidth><atprecis Sync="TRUE">0</atprecis><attscale Sync="TRUE">0</attscale></attr><attr><attrlabl Sync="TRUE">NAMELSAD</attrlabl><attalias Sync="TRUE">NAMELSAD</attalias><attrtype Sync="TRUE">String</attrtype><attwidth Sync="TRUE">13</attwidth><atprecis Sync="TRUE">0</atprecis><attscale Sync="TRUE">0</attscale></attr><attr><attrlabl Sync="TRUE">MTFCC</attrlabl><attalias Sync="TRUE">MTFCC</attalias><attrtype Sync="TRUE">String</attrtype><attwidth Sync="TRUE">5</attwidth><atprecis Sync="TRUE">0</atprecis><attscale Sync="TRUE">0</attscale></attr><attr><attrlabl Sync="TRUE">FUNCSTAT</attrlabl><attalias Sync="TRUE">FUNCSTAT</attalias><attrtype Sync="TRUE">String</attrtype><attwidth Sync="TRUE">1</attwidth><atprecis Sync="TRUE">0</atprecis><attscale Sync="TRUE">0</attscale></attr><attr><attrlabl Sync="TRUE">ALAND</attrlabl><attalias Sync="TRUE">ALAND</attalias><attrtype Sync="TRUE">Integer</attrtype><attwidth Sync="TRUE">10</attwidth><atprecis Sync="TRUE">10</atprecis><attscale Sync="TRUE">0</attscale></attr><attr><attrlabl Sync="TRUE">AWATER</attrlabl><attalias Sync="TRUE">AWATER</attalias><attrtype Sync="TRUE">Integer</attrtype><attwidth Sync="TRUE">10</attwidth><atprecis Sync="TRUE">10</atprecis><attscale Sync="TRUE">0</attscale></attr><attr><attrlabl Sync="TRUE">INTPTLAT</attrlabl><attalias Sync="TRUE">INTPTLAT</attalias><attrtype Sync="TRUE">String</attrtype><attwidth Sync="TRUE">11</attwidth><atprecis Sync="TRUE">0</atprecis><attscale Sync="TRUE">0</attscale></attr><attr><attrlabl Sync="TRUE">GEO_ID</attrlabl><attalias Sync="TRUE">GEO_ID</attalias><attrtype Sync="TRUE">Double</attrtype><attwidth Sync="TRUE">19</attwidth><atprecis Sync="TRUE">0</atprecis><attscale Sync="TRUE">0</attscale></attr><attr><attrlabl Sync="TRUE">F1</attrlabl><attalias Sync="TRUE">F1</attalias><attrtype Sync="TRUE">String</attrtype><attwidth Sync="TRUE">254</attwidth><atprecis Sync="TRUE">0</atprecis><attscale Sync="TRUE">0</attscale></attr><attr><attrlabl Sync="TRUE">GEO_ID_1</attrlabl><attalias Sync="TRUE">GEO_ID_1</attalias><attrtype Sync="TRUE">String</attrtype><attwidth Sync="TRUE">254</attwidth><atprecis Sync="TRUE">0</atprecis><attscale Sync="TRUE">0</attscale></attr><attr><attrlabl Sync="TRUE">F3</attrlabl><attalias Sync="TRUE">F3</attalias><attrtype Sync="TRUE">String</attrtype><attwidth Sync="TRUE">254</attwidth><atprecis Sync="TRUE">0</atprecis><attscale Sync="TRUE">0</attscale></attr><attr><attrlabl Sync="TRUE">Total_Pop</attrlabl><attalias Sync="TRUE">Total_Pop</attalias><attrtype Sync="TRUE">Double</attrtype><attwidth Sync="TRUE">19</attwidth><atprecis Sync="TRUE">0</atprecis><attscale Sync="TRUE">0</attscale></attr><attr><attrlabl Sync="TRUE">Pop_White</attrlabl><attalias Sync="TRUE">Pop_White</attalias><attrtype Sync="TRUE">Double</attrtype><attwidth Sync="TRUE">19</attwidth><atprecis Sync="TRUE">0</atprecis><attscale Sync="TRUE">0</attscale></attr><attr><attrlabl Sync="TRUE">Pop_Black</attrlabl><attalias Sync="TRUE">Pop_Black</attalias><attrtype Sync="TRUE">Double</attrtype><attwidth Sync="TRUE">19</attwidth><atprecis Sync="TRUE">0</atprecis><attscale Sync="TRUE">0</attscale></attr><attr><attrlabl Sync="TRUE">Pop_Amer_I</attrlabl><attalias Sync="TRUE">Pop_Amer_I</attalias><attrtype Sync="TRUE">Double</attrtype><attwidth Sync="TRUE">19</attwidth><atprecis Sync="TRUE">0</atprecis><attscale Sync="TRUE">0</attscale></attr><attr><attrlabl Sync="TRUE">Pop_Asian</attrlabl><attalias Sync="TRUE">Pop_Asian</attalias><attrtype Sync="TRUE">Double</attrtype><attwidth Sync="TRUE">19</attwidth><atprecis Sync="TRUE">0</atprecis><attscale Sync="TRUE">0</attscale></attr><attr><attrlabl Sync="TRUE">Pop_Haw_Pa</attrlabl><attalias Sync="TRUE">Pop_Haw_Pa</attalias><attrtype Sync="TRUE">Double</attrtype><attwidth Sync="TRUE">19</attwidth><atprecis Sync="TRUE">0</atprecis><attscale Sync="TRUE">0</attscale></attr><attr><attrlabl Sync="TRUE">Pop_Other_</attrlabl><attalias Sync="TRUE">Pop_Other_</attalias><attrtype Sync="TRUE">Double</attrtype><attwidth Sync="TRUE">19</attwidth><atprecis Sync="TRUE">0</atprecis><attscale Sync="TRUE">0</attscale></attr><attr><attrlabl Sync="TRUE">Pop_Two_Ra</attrlabl><attalias Sync="TRUE">Pop_Two_Ra</attalias><attrtype Sync="TRUE">Double</attrtype><attwidth Sync="TRUE">19</attwidth><atprecis Sync="TRUE">0</atprecis><attscale Sync="TRUE">0</attscale></attr><attr><attrlabl Sync="TRUE">Tot_HH</attrlabl><attalias Sync="TRUE">Tot_HH</attalias><attrtype Sync="TRUE">Double</attrtype><attwidth Sync="TRUE">19</attwidth><atprecis Sync="TRUE">0</atprecis><attscale Sync="TRUE">0</attscale></attr><attr><attrlabl Sync="TRUE">Tot_FamHH</attrlabl><attalias Sync="TRUE">Tot_FamHH</attalias><attrtype Sync="TRUE">Double</attrtype><attwidth Sync="TRUE">19</attwidth><atprecis Sync="TRUE">0</atprecis><attscale Sync="TRUE">0</attscale></attr><attr><attrlabl Sync="TRUE">FamHH_Marr</attrlabl><attalias Sync="TRUE">FamHH_Marr</attalias><attrtype Sync="TRUE">Double</attrtype><attwidth Sync="TRUE">19</attwidth><atprecis Sync="TRUE">0</atprecis><attscale Sync="TRUE">0</attscale></attr><attr><attrlabl Sync="TRUE">FamHH_Othe</attrlabl><attalias Sync="TRUE">FamHH_Othe</attalias><attrtype Sync="TRUE">Double</attrtype><attwidth Sync="TRUE">19</attwidth><atprecis Sync="TRUE">0</atprecis><attscale Sync="TRUE">0</attscale></attr><attr><attrlabl Sync="TRUE">FamHH_Male</attrlabl><attalias Sync="TRUE">FamHH_Male</attalias><attrtype Sync="TRUE">Double</attrtype><attwidth Sync="TRUE">19</attwidth><atprecis Sync="TRUE">0</atprecis><attscale Sync="TRUE">0</attscale></attr><attr><attrlabl Sync="TRUE">FamHH_Fema</attrlabl><attalias Sync="TRUE">FamHH_Fema</attalias><attrtype Sync="TRUE">Double</attrtype><attwidth Sync="TRUE">19</attwidth><atprecis Sync="TRUE">0</atprecis><attscale Sync="TRUE">0</attscale></attr><attr><attrlabl Sync="TRUE">Tot_NonFam</attrlabl><attalias Sync="TRUE">Tot_NonFam</attalias><attrtype Sync="TRUE">Double</attrtype><attwidth Sync="TRUE">19</attwidth><atprecis Sync="TRUE">0</atprecis><attscale Sync="TRUE">0</attscale></attr><attr><attrlabl Sync="TRUE">NonFamHH_S</attrlabl><attalias Sync="TRUE">NonFamHH_S</attalias><attrtype Sync="TRUE">Double</attrtype><attwidth Sync="TRUE">19</attwidth><atprecis Sync="TRUE">0</atprecis><attscale Sync="TRUE">0</attscale></attr><attr><attrlabl Sync="TRUE">NonFamHH_N</attrlabl><attalias Sync="TRUE">NonFamHH_N</attalias><attrtype Sync="TRUE">Double</attrtype><attwidth Sync="TRUE">19</attwidth><atprecis Sync="TRUE">0</atprecis><attscale Sync="TRUE">0</attscale></attr><attr><attrlabl Sync="TRUE">Age_Med</attrlabl><attalias Sync="TRUE">Age_Med</attalias><attrtype Sync="TRUE">Double</attrtype><attwidth Sync="TRUE">19</attwidth><atprecis Sync="TRUE">0</atprecis><attscale Sync="TRUE">0</attscale></attr><attr><attrlabl Sync="TRUE">Age_Med_Ma</attrlabl><attalias Sync="TRUE">Age_Med_Ma</attalias><attrtype Sync="TRUE">Double</attrtype><attwidth Sync="TRUE">19</attwidth><atprecis Sync="TRUE">0</atprecis><attscale Sync="TRUE">0</attscale></attr><attr><attrlabl Sync="TRUE">Age_Med_Fe</attrlabl><attalias Sync="TRUE">Age_Med_Fe</attalias><attrtype Sync="TRUE">Double</attrtype><attwidth Sync="TRUE">19</attwidth><atprecis Sync="TRUE">0</atprecis><attscale Sync="TRUE">0</attscale></attr><attr><attrlabl Sync="TRUE">Med_HH_Inc</attrlabl><attalias Sync="TRUE">Med_HH_Inc</attalias><attrtype Sync="TRUE">Double</attrtype><attwidth Sync="TRUE">19</attwidth><atprecis Sync="TRUE">0</atprecis><attscale Sync="TRUE">0</attscale></attr><attr><attrlabl Sync="TRUE">Gross_Rent</attrlabl><attalias Sync="TRUE">Gross_Rent</attalias><attrtype Sync="TRUE">Double</attrtype><attwidth Sync="TRUE">19</attwidth><atprecis Sync="TRUE">0</atprecis><attscale Sync="TRUE">0</attscale></attr><attr><attrlabl Sync="TRUE">Ed_None</attrlabl><attalias Sync="TRUE">Ed_None</attalias><attrtype Sync="TRUE">Double</attrtype><attwidth Sync="TRUE">19</attwidth><atprecis Sync="TRUE">0</atprecis><attscale Sync="TRUE">0</attscale></attr><attr><attrlabl Sync="TRUE">Ed_HS</attrlabl><attalias Sync="TRUE">Ed_HS</attalias><attrtype Sync="TRUE">String</attrtype><attwidth Sync="TRUE">254</attwidth><atprecis Sync="TRUE">0</atprecis><attscale Sync="TRUE">0</attscale></attr><attr><attrlabl Sync="TRUE">Ed_College</attrlabl><attalias Sync="TRUE">Ed_College</attalias><attrtype Sync="TRUE">String</attrtype><attwidth Sync="TRUE">254</attwidth><atprecis Sync="TRUE">0</atprecis><attscale Sync="TRUE">0</attscale></attr><attr><attrlabl Sync="TRUE">Ed_Masters</attrlabl><attalias Sync="TRUE">Ed_Masters</attalias><attrtype Sync="TRUE">String</attrtype><attwidth Sync="TRUE">254</attwidth><atprecis Sync="TRUE">0</atprecis><attscale Sync="TRUE">0</attscale></attr><attr><attrlabl Sync="TRUE">Ed_Prof_De</attrlabl><attalias Sync="TRUE">Ed_Prof_De</attalias><attrtype Sync="TRUE">Double</attrtype><attwidth Sync="TRUE">19</attwidth><atprecis Sync="TRUE">0</atprecis><attscale Sync="TRUE">0</attscale></attr><attr><attrlabl Sync="TRUE">Ed_Doctora</attrlabl><attalias Sync="TRUE">Ed_Doctora</attalias><attrtype Sync="TRUE">Double</attrtype><attwidth Sync="TRUE">19</attwidth><atprecis Sync="TRUE">0</atprecis><attscale Sync="TRUE">0</attscale></attr><attr><attrlabl Sync="TRUE">Commute_Dr</attrlabl><attalias Sync="TRUE">Commute_Dr</attalias><attrtype Sync="TRUE">Double</attrtype><attwidth Sync="TRUE">19</attwidth><atprecis Sync="TRUE">0</atprecis><attscale Sync="TRUE">0</attscale></attr><attr><attrlabl Sync="TRUE">Commute_Ca</attrlabl><attalias Sync="TRUE">Commute_Ca</attalias><attrtype Sync="TRUE">Double</attrtype><attwidth Sync="TRUE">19</attwidth><atprecis Sync="TRUE">0</atprecis><attscale Sync="TRUE">0</attscale></attr><attr><attrlabl Sync="TRUE">Commute_Pu</attrlabl><attalias Sync="TRUE">Commute_Pu</attalias><attrtype Sync="TRUE">Double</attrtype><attwidth Sync="TRUE">19</attwidth><atprecis Sync="TRUE">0</atprecis><attscale Sync="TRUE">0</attscale></attr><attr><attrlabl Sync="TRUE">Commute__1</attrlabl><attalias Sync="TRUE">Commute__1</attalias><attrtype Sync="TRUE">Double</attrtype><attwidth Sync="TRUE">19</attwidth><atprecis Sync="TRUE">0</atprecis><attscale Sync="TRUE">0</attscale></attr><attr><attrlabl Sync="TRUE">Commute__2</attrlabl><attalias Sync="TRUE">Commute__2</attalias><attrtype Sync="TRUE">Double</attrtype><attwidth Sync="TRUE">19</attwidth><atprecis Sync="TRUE">0</atprecis><attscale Sync="TRUE">0</attscale></attr><attr><attrlabl Sync="TRUE">Commute__3</attrlabl><attalias Sync="TRUE">Commute__3</attalias><attrtype Sync="TRUE">Double</attrtype><attwidth Sync="TRUE">19</attwidth><atprecis Sync="TRUE">0</atprecis><attscale Sync="TRUE">0</attscale></attr><attr><attrlabl Sync="TRUE">Commute__4</attrlabl><attalias Sync="TRUE">Commute__4</attalias><attrtype Sync="TRUE">Double</attrtype><attwidth Sync="TRUE">19</attwidth><atprecis Sync="TRUE">0</atprecis><attscale Sync="TRUE">0</attscale></attr><attr><attrlabl Sync="TRUE">Commute_Fe</attrlabl><attalias Sync="TRUE">Commute_Fe</attalias><attrtype Sync="TRUE">Double</attrtype><attwidth Sync="TRUE">19</attwidth><atprecis Sync="TRUE">0</atprecis><attscale Sync="TRUE">0</attscale></attr><attr><attrlabl Sync="TRUE">Commute_Ta</attrlabl><attalias Sync="TRUE">Commute_Ta</attalias><attrtype Sync="TRUE">Double</attrtype><attwidth Sync="TRUE">19</attwidth><atprecis Sync="TRUE">0</atprecis><attscale Sync="TRUE">0</attscale></attr><attr><attrlabl Sync="TRUE">Commute_Mo</attrlabl><attalias Sync="TRUE">Commute_Mo</attalias><attrtype Sync="TRUE">Double</attrtype><attwidth Sync="TRUE">19</attwidth><atprecis Sync="TRUE">0</atprecis><attscale Sync="TRUE">0</attscale></attr><attr><attrlabl Sync="TRUE">Commute_Bi</attrlabl><attalias Sync="TRUE">Commute_Bi</attalias><attrtype Sync="TRUE">Double</attrtype><attwidth Sync="TRUE">19</attwidth><atprecis Sync="TRUE">0</atprecis><attscale Sync="TRUE">0</attscale></attr><attr><attrlabl Sync="TRUE">Commute_Wa</attrlabl><attalias Sync="TRUE">Commute_Wa</attalias><attrtype Sync="TRUE">Double</attrtype><attwidth Sync="TRUE">19</attwidth><atprecis Sync="TRUE">0</atprecis><attscale Sync="TRUE">0</attscale></attr><attr><attrlabl Sync="TRUE">Commute_Ot</attrlabl><attalias Sync="TRUE">Commute_Ot</attalias><attrtype Sync="TRUE">Double</attrtype><attwidth Sync="TRUE">19</attwidth><atprecis Sync="TRUE">0</atprecis><attscale Sync="TRUE">0</attscale></attr><attr><attrlabl Sync="TRUE">Worked_fro</attrlabl><attalias Sync="TRUE">Worked_fro</attalias><attrtype Sync="TRUE">Double</attrtype><attwidth Sync="TRUE">19</attwidth><atprecis Sync="TRUE">0</atprecis><attscale Sync="TRUE">0</attscale></attr><attr><attrlabl Sync="TRUE">NAME</attrlabl><attalias Sync="TRUE">NAME</attalias><attrtype Sync="TRUE">String</attrtype><attwidth Sync="TRUE">254</attwidth><atprecis Sync="TRUE">0</atprecis><attscale Sync="TRUE">0</attscale></attr><attr><attrlabl Sync="TRUE">INTPTLON</attrlabl><attalias Sync="TRUE">INTPTLON</attalias><attrtype Sync="TRUE">String</attrtype><attwidth Sync="TRUE">12</attwidth><atprecis Sync="TRUE">0</atprecis><attscale Sync="TRUE">0</attscale></attr><attr><attrlabl Sync="TRUE">Shape_Leng</attrlabl><attalias Sync="TRUE">Shape_Leng</attalias><attrtype Sync="TRUE">Double</attrtype><attwidth Sync="TRUE">19</attwidth><atprecis Sync="TRUE">0</atprecis><attscale Sync="TRUE">0</attscale></attr><attr><attrlabl Sync="TRUE">Shape_Area</attrlabl><attalias Sync="TRUE">Shape_Area</attalias><attrtype Sync="TRUE">Double</attrtype><attwidth Sync="TRUE">19</attwidth><atprecis Sync="TRUE">0</atprecis><attscale Sync="TRUE">0</attscale><attrdef Sync="TRUE">Area of feature in internal units squared.</attrdef><attrdefs Sync="TRUE">Esri</attrdefs><attrdomv><udom Sync="TRUE">Positive real numbers that are automatically generated.</udom></attrdomv></attr><attr><attrlabl Sync="TRUE">Calculated</attrlabl><attalias Sync="TRUE">Calculated</attalias><attrtype Sync="TRUE">Double</attrtype><attwidth Sync="TRUE">19</attwidth><atprecis Sync="TRUE">0</atprecis><attscale Sync="TRUE">0</attscale></attr><attr><attrlabl Sync="TRUE">Pop_Densit</attrlabl><attalias Sync="TRUE">Pop_Densit</attalias><attrtype Sync="TRUE">Single</attrtype><attwidth Sync="TRUE">13</attwidth><atprecis Sync="TRUE">0</atprecis><attscale Sync="TRUE">0</attscale></attr></detailed></eainfo><mdDateSt Sync="TRUE">20230331</mdDateSt></metadata>
